table	citation_number	citation	doi	pmid	match_method	status	resolved_title
human-nai	1	Huang W, Cheng Y, Li X, Tan M, Wei H, Zhao X, Xiao N, Dong J, Wang D. 2018. Neuraminidase inhibitor susceptibility profile of human influenza viruses during the 2016-2017 influenza season in Mainland China. J Infect Chemother 24:729-733.	10.1016/j.jiac.2018.05.003		crossref-bibliographic	matched	Neuraminidase inhibitor susceptibility profile of human influenza viruses during the 2016–2017 influenza season in Mainland China
human-nai	2	Lackenby A, Besselaar TG, Daniels RS, Fry A, Gregory V, Gubareva LV, Huang W, Hurt AC, Leang SK, Lee RTC, Lo J, Lollis L, Maurer-Stroh S, Odagiri T, Pereyaslov D, Takashita E, Wang D, Zhang W, Meijer A. 2018. Global update on the susceptibility of human influenza viruses to neuraminidase inhibitors and status of novel antivirals, 2016-2017. Antiviral Res 157:38-46.	10.1016/j.antiviral.2018.07.001	29981793	crossref-bibliographic	matched	Global update on the susceptibility of human influenza viruses to neuraminidase inhibitors and status of novel antivirals, 2016–2017
human-nai	3	Gubareva LV, Besselaar TG, Daniels RS, Fry A, Gregory V, Huang W, Hurt AC, Jorquera PA, Lackenby A, Leang SK, Lo J, Pereyaslov D, Rebelo-de-Andrade H, Siqueira MM, Takashita E, Odagiri T, Wang D, Zhang W, Meijer A. 2017. Global update on the susceptibility of human influenza viruses to neuraminidase inhibitors, 2015-2016. Antiviral Res 146:12-20.	10.1016/j.antiviral.2017.08.004	28802866	crossref-bibliographic	matched	Global update on the susceptibility of human influenza viruses to neuraminidase inhibitors, 2015–2016
human-nai	4	Samson M, Abed Y, Desrochers FM, Hamilton S, Luttick A, Tucker SP, Pryor MJ, Boivin G. 2014. Characterization of drug-resistant influenza virus A(H1N1) and A(H3N2) variants selected in vitro with laninamivir. Antimicrob Agents Chemother 58:5220-8.	10.1128/aac.03313-14	24957832	crossref-bibliographic	matched	Characterization of Drug-Resistant Influenza Virus A(H1N1) and A(H3N2) Variants Selected In Vitro with Laninamivir
human-nai	5	Baek YH, Song MS, Lee EY, Kim YI, Kim EH, Park SJ, Park KJ, Kwon HI, Pascua PN, Lim GJ, Kim S, Yoon SW, Kim MH, Webby RJ, Choi YK. 2015. Profiling and characterization of influenza virus N1 strains potentially resistant to multiple neuraminidase inhibitors. J Virol 89:287-99.	10.1128/jvi.02485-14	25320319	crossref-bibliographic	matched	Profiling and Characterization of Influenza Virus N1 Strains Potentially Resistant to Multiple Neuraminidase Inhibitors
human-nai	6	Hussain S, Meijer A, Govorkova EA, Dapat C, Gubareva LV, Barr IG, Brown SK, Daniels RS, Fujisaki S, Galiano M, Huang W, Kondor RJ, Lackenby A, Lewis N, Lo J, Nguyen HT, Patel MC, Pereyaslov D, Rattigan A, Samaan M, Wang D, Webby RJ, Yen HL, Zhang W, Takashita E. 2025. Global update on the susceptibilities of influenza viruses to neuraminidase inhibitors and the cap- dependent endonuclease inhibitor baloxavir, 2020-2023. Antiviral Res 241:106217.	10.1016/j.antiviral.2025.106217	40571063	crossref-bibliographic	matched	Global update on the susceptibilities of influenza viruses to neuraminidase inhibitors and the cap-dependent endonuclease inhibitor baloxavir, 2020–2023
human-nai	7	L'Huillier AG, Abed Y, Petty TJ, Cordey S, Thomas Y, Bouhy X, Schibler M, Simon A, Chalandon Y, van Delden C, Zdobnov E, Boquete-Suter P, Boivin G, Kaiser L. 2015. E119D Neuraminidase Mutation Conferring Pan-Resistance to Neuraminidase Inhibitors in an A(H1N1)pdm09 Isolate From a Stem-Cell Transplant Recipient. J Infect Dis 212:1726-1734.	10.1093/infdis/jiv288	25985905	crossref-bibliographic	matched	E119D Neuraminidase Mutation Conferring Pan-Resistance to Neuraminidase Inhibitors in an A(H1N1)pdm09 Isolate From a Stem-Cell Transplant Recipient
human-nai	8	Lloren KKS, Kwon JJ, Choi WS, Jeong JH, Ahn SJ, Choi YK, Baek YH, Song MS. 2019. In Vitro and In Vivo Characterization of Novel Neuraminidase Substitutions in Influenza A(H1N1)pdm09 Virus Identified Using Laninamivir-Mediated In Vitro Selection. J Virol 93.	10.1128/jvi.01825-18	30602610	crossref-bibliographic	matched	In Vitro and In Vivo Characterization of Novel Neuraminidase Substitutions in Influenza A(H1N1)pdm09 Virus Identified Using Laninamivir-Mediated In Vitro Selection
human-nai	9	Pizzorno A, Bouhy X, Abed Y, Boivin G. 2011. Generation and characterization of recombinant pandemic influenza A(H1N1) viruses resistant to neuraminidase inhibitors. J Infect Dis 203:25-31.	10.1093/infdis/jiq010	21148493	crossref-bibliographic	matched	Generation and Characterization of Recombinant Pandemic Influenza A(H1N1) Viruses Resistant to Neuraminidase Inhibitors
human-nai	10	Tamura D, DeBiasi RL, Okomo-Adhiambo M, Mishin VP, Campbell AP, Loechelt B, Wiedermann BL, Fry AM, Gubareva LV. 2015. Emergence of Multidrug-Resistant Influenza A(H1N1)pdm09 Virus Variants in an Immunocompromised Child Treated With Oseltamivir and Zanamivir. J Infect Dis 212:1209-1213.	10.1093/infdis/jiv245		manual	matched	Emergence of Multidrug-Resistant Influenza A(H1N1)pdm09 Virus Variants in an Immunocompromised Child Treated With Oseltamivir and Zanamivir
human-nai	11	Kaminski MM, Ohnemus A, Staeheli P, Rubbenstroth D. 2013. Pandemic 2009 H1N1 influenza A virus carrying a Q136K mutation in the neuraminidase gene is resistant to zanamivir but exhibits reduced fitness in the guinea pig transmission model. J Virol 87:1912-5.	10.1128/jvi.02507-12	23192869	crossref-bibliographic	matched	Pandemic 2009 H1N1 Influenza A Virus Carrying a Q136K Mutation in the Neuraminidase Gene Is Resistant to Zanamivir but Exhibits Reduced Fitness in the Guinea Pig Transmission Model
human-nai	12	Pizzorno A, Abed Y, Rheaume C, Bouhy X, Boivin G. 2013. Evaluation of recombinant 2009 pandemic influenza A (H1N1) viruses harboring zanamivir resistance mutations in mice and ferrets. Antimicrob Agents Chemother 57:1784-9.	10.1128/aac.02269-12	23357777	crossref-bibliographic	matched	Evaluation of Recombinant 2009 Pandemic Influenza A (H1N1) Viruses Harboring Zanamivir Resistance Mutations in Mice and Ferrets
human-nai	13	Meijer A, Rebelo-de-Andrade H, Correia V, Besselaar T, Drager-Dayal R, Fry A, Gregory V, Gubareva L, Kageyama T, Lackenby A, Lo J, Odagiri T, Pereyaslov D, Siqueira MM, Takashita E, Tashiro M, Wang D, Wong S, Zhang W, Daniels RS, Hurt AC. 2014. Global update on the susceptibility of human influenza viruses to neuraminidase inhibitors, 2012-2013. Antiviral Res 110:31-41.	10.1016/j.antiviral.2014.07.001	25043638	crossref-bibliographic	matched	Global update on the susceptibility of human influenza viruses to neuraminidase inhibitors, 2012–2013
human-nai	14	Takashita E, Meijer A, Lackenby A, Gubareva L, Rebelo-de-Andrade H, Besselaar T, Fry A, Gregory V, Leang SK, Huang W, Lo J, Pereyaslov D, Siqueira MM, Wang D, Mak GC, Zhang W, Daniels RS, Hurt AC, Tashiro M. 2015. Global update on the susceptibility of human influenza viruses to neuraminidase inhibitors, 2013-2014. Antiviral Res 117:27-38.	10.1016/j.antiviral.2015.02.003	25721488	crossref-bibliographic	matched	Global update on the susceptibility of human influenza viruses to neuraminidase inhibitors, 2013–2014
human-nai	15	Takashita E, Daniels RS, Fujisaki S, Gregory V, Gubareva LV, Huang W, Hurt AC, Lackenby A, Nguyen HT, Pereyaslov D, Roe M, Samaan M, Subbarao K, Tse H, Wang D, Yen HL, Zhang W, Meijer A. 2020. Global update on the susceptibilities of human influenza viruses to neuraminidase inhibitors and the cap-dependent endonuclease inhibitor baloxavir, 2017-2018. Antiviral Res 175:104718.	10.1016/j.antiviral.2020.104718		crossref-bibliographic	matched	Global update on the susceptibilities of human influenza viruses to neuraminidase inhibitors and the cap-dependent endonuclease inhibitor baloxavir, 2017–2018
human-nai	16	Huang L, Cao Y, Zhou J, Qin K, Zhu W, Zhu Y, Yang L, Wang D, Wei H, Shu Y. 2014. A conformational restriction in the influenza A virus neuraminidase binding site by R152 results in a combinational effect of I222T and H274Y on oseltamivir resistance. Antimicrob Agents Chemother 58:1639-45.	10.1128/aac.01848-13	24366752	crossref-bibliographic	matched	A Conformational Restriction in the Influenza A Virus Neuraminidase Binding Site by R152 Results in a Combinational Effect of I222T and H274Y on Oseltamivir Resistance
human-nai	17	Nguyen HT, Fry AM, Loveless PA, Klimov AI, Gubareva LV. 2010. Recovery of a multidrug-resistant strain of pandemic influenza A 2009 (H1N1) virus carrying a dual H275Y/I223R mutation from a child after prolonged treatment with oseltamivir. Clin Infect Dis 51:983-4.	10.1086/656439		crossref-bibliographic	matched	Recovery of a Multidrug‐Resistant Strain of Pandemic Influenza A 2009 (H1N1) Virus Carrying a Dual H275Y/I223R Mutation from a Child after Prolonged Treatment with Oseltamivir
human-nai	18	Govorkova EA, Takashita E, Daniels RS, Fujisaki S, Presser LD, Patel MC, Huang W, Lackenby A, Nguyen HT, Pereyaslov D, Rattigan A, Brown SK, Samaan M, Subbarao K, Wong S, Wang D, Webby RJ, Yen HL, Zhang W, Meijer A, Gubareva LV. 2022. Global update on the susceptibilities of human influenza viruses to neuraminidase inhibitors and the cap-dependent endonuclease inhibitor baloxavir, 2018-2020. Antiviral Res 200:105281.	10.1016/j.antiviral.2022.105281	35292289	crossref-bibliographic	matched	Global update on the susceptibilities of human influenza viruses to neuraminidase inhibitors and the cap-dependent endonuclease inhibitor baloxavir, 2018–2020
human-nai	19	van der Vries E, Stelma FF, Boucher CA. 2010. Emergence of a multidrug-resistant pandemic influenza A (H1N1) virus. N Engl J Med 363:1381-2.	10.1056/nejmc1003749		crossref-bibliographic	matched	Emergence of a Multidrug-Resistant Pandemic Influenza A (H1N1) Virus
human-nai	20	Eshaghi A, Patel SN, Sarabia A, Higgins RR, Savchenko A, Stojios PJ, Li Y, Bastien N, Alexander DC, Low DE, Gubbay JB. 2011. Multidrug-resistant pandemic (H1N1) 2009 infection in immunocompetent child. Emerg Infect Dis 17:1472-4.	10.3201/eid1708.102004	21801626	crossref-bibliographic	matched	Multidrug-Resistant Pandemic (H1N1) 2009 Infection in Immunocompetent Child
human-nai	21	Pizzorno A, Abed Y, Bouhy X, Beaulieu E, Mallett C, Russell R, Boivin G. 2012. Impact of mutations at residue I223 of the neuraminidase protein on the resistance profile, replication level, and virulence of the 2009 pandemic influenza virus. Antimicrob Agents Chemother 56:1208-14.	10.1128/aac.05994-11	22203589	crossref-bibliographic	matched	Impact of Mutations at Residue I223 of the Neuraminidase Protein on the Resistance Profile, Replication Level, and Virulence of the 2009 Pandemic Influenza Virus
human-nai	22	Hurt AC, Besselaar TG, Daniels RS, Ermetal B, Fry A, Gubareva L, Huang W, Lackenby A, Lee RT, Lo J, Maurer-Stroh S, Nguyen HT, Pereyaslov D, Rebelo-de-Andrade H, Siqueira MM, Takashita E, Tashiro M, Tilmanis D, Wang D, Zhang W, Meijer A. 2016. Global update on the susceptibility of human influenza viruses to neuraminidase inhibitors, 2014-2015. Antiviral Res 132:178-85.	10.1016/j.antiviral.2016.06.001	27265623	crossref-bibliographic	matched	Global update on the susceptibility of human influenza viruses to neuraminidase inhibitors, 2014–2015
human-nai	23	Patel MC, Nguyen HT, Pascua PNQ, Gao R, Steel J, Kondor RJ, Gubareva LV. 2024. Multicountry Spread of Influenza A(H1N1)pdm09 Viruses with Reduced Oseltamivir Inhibition, May 2023- February 2024. Emerg Infect Dis 30:1410-1415.	10.3201/eid3007.240480	38916572	crossref-bibliographic	matched	Multicountry Spread of Influenza A(H1N1)pdm09 Viruses with Reduced Oseltamivir Inhibition, May 2023–February 2024
human-nai	24	Hurt AC, Lee RT, Leang SK, Cui L, Deng YM, Phuah SP, Caldwell N, Freeman K, Komadina N, Smith D, Speers D, Kelso A, Lin RT, Maurer-Stroh S, Barr IG. 2011. Increased detection in Australia and Singapore of a novel influenza A(H1N1)2009 variant with reduced oseltamivir and zanamivir sensitivity due to a S247N neuraminidase mutation. Euro Surveill 16.	10.2807/ese.16.23.19884-en		crossref-bibliographic	matched	Increased detection in Australia and Singapore of a novel influenza A(H1N1)2009 variant with reduced oseltamivir and zanamivir sensitivity due to a S247N neuraminidase mutation
human-nai	25	Saubi N, Andres C, Prats-Mendez I, Gonzalez-Sanchez A, Davtyan A, Vasquez-Mercado R, Rando A, Nadal P, Esperalba J, Arnedo M, Vicente M, Balada E, Mendioroz J, Martin MC, Garcia-Camunas K, Vaz R, Najarro A, Bernalte S, Larrosa N, Anton A, network SIds. 2025. Expansion of influenza A(H1N1)pdm09 NA:S247N viruses with reduced susceptibility to oseltamivir, Catalonia, Spain, and in Europe, July to October 2025. Euro Surveill 30.	10.2807/1560-7917.es.2025.30.48.2500873	41346317	crossref-bibliographic	matched	Expansion of influenza A(H1N1)pdm09 NA:S247N viruses with reduced susceptibility to oseltamivir, Catalonia, Spain, and in Europe, July to October 2025
human-nai	26	Baz M, Abed Y, Papenburg J, Bouhy X, Hamelin ME, Boivin G. 2009. Emergence of oseltamivir-resistant pandemic H1N1 virus during prophylaxis. N Engl J Med 361:2296-7.	10.1056/nejmc0910060		crossref-bibliographic	matched	Emergence of Oseltamivir-Resistant Pandemic H1N1 Virus during Prophylaxis
human-nai	27	Okomo-Adhiambo M, Nguyen HT, Sleeman K, Sheu TG, Deyde VM, Garten RJ, Xu X, Shaw MW, Klimov AI, Gubareva LV. 2010. Host cell selection of influenza neuraminidase variants: implications for drug resistance monitoring in A(H1N1) viruses. Antiviral Res 85:381-8.	10.1016/j.antiviral.2009.11.005		crossref-bibliographic	matched	Host cell selection of influenza neuraminidase variants: Implications for drug resistance monitoring in A(H1N1) viruses
human-nai	28	Nguyen HT, Sheu TG, Mishin VP, Klimov AI, Gubareva LV. 2010. Assessment of pandemic and seasonal influenza A (H1N1) virus susceptibility to neuraminidase inhibitors in three enzyme activity inhibition assays. Antimicrob Agents Chemother 54:3671-7.	10.1128/aac.00581-10	20585136	crossref-bibliographic	matched	Assessment of Pandemic and Seasonal Influenza A (H1N1) Virus Susceptibility to Neuraminidase Inhibitors in Three Enzyme Activity Inhibition Assays
human-nai	29	Nguyen HT, Trujillo AA, Sheu TG, Levine M, Mishin VP, Shaw M, Ades EW, Klimov AI, Fry AM, Gubareva LV. 2012. Analysis of influenza viruses from patients clinically suspected of infection with an oseltamivir resistant virus during the 2009 pandemic in the United States. Antiviral Res 93:381-6.	10.1016/j.antiviral.2012.01.006		crossref-bibliographic	matched	Analysis of influenza viruses from patients clinically suspected of infection with an oseltamivir resistant virus during the 2009 pandemic in the United States
human-nai	30	Ikematsu H, Kawai N, Kashiwagi S. 2012. In vitro neuraminidase inhibitory activities of four neuraminidase inhibitors against influenza viruses isolated in the 2010-2011 season in Japan. J Infect Chemother 18:529-33.	10.1007/s10156-012-0377-8		crossref-bibliographic	matched	In vitro neuraminidase inhibitory activities of four neuraminidase inhibitors against influenza viruses isolated in the 2010–2011 season in Japan
human-nai	31	Leang SK, Kwok S, Sullivan SG, Maurer-Stroh S, Kelso A, Barr IG, Hurt AC. 2014. Peramivir and laninamivir susceptibility of circulating influenza A and B viruses. Influenza Other Respir Viruses 8:135-9.	10.1111/irv.12187	24734292	crossref-bibliographic	matched	Peramivir and laninamivir susceptibility of circulating influenza A and B viruses
human-nai	32	Takashita E, Fujisaki S, Kishida N, Xu H, Imai M, Tashiro M, Odagiri T, Influenza Virus Surveillance Group of J. 2013. Characterization of neuraminidase inhibitor-resistant influenza A(H1N1)pdm09 viruses isolated in four seasons during pandemic and post-pandemic periods in Japan. Influenza Other Respir Viruses 7:1390-9.	10.1111/irv.12132	23745712	crossref-bibliographic	matched	Characterization of neuraminidase inhibitor‐resistant influenza A(H1N1)pdm09 viruses isolated in four seasons during pandemic and post‐pandemic periods in J apan
human-nai	33	Okomo-Adhiambo M, Sleeman K, Lysen C, Nguyen HT, Xu X, Li Y, Klimov AI, Gubareva LV. 2013. Neuraminidase inhibitor susceptibility surveillance of influenza viruses circulating worldwide during the 2011 Southern Hemisphere season. Influenza Other Respir Viruses 7:645-58.	10.1111/irv.12113	23575174	manual	matched	Neuraminidase inhibitor susceptibility surveillance of influenza viruses circulating worldwide during the 2011 S outhern H emisphere season
human-nai	34	Dapat C, Kondo H, Dapat IC, Baranovich T, Suzuki Y, Shobugawa Y, Saito K, Saito R, Suzuki H. 2013. Neuraminidase inhibitor susceptibility profile of pandemic and seasonal influenza viruses during the 2009-2010 and 2010-2011 influenza seasons in Japan. Antiviral Res 99:261-9.	10.1016/j.antiviral.2013.06.003		crossref-bibliographic	matched	Neuraminidase inhibitor susceptibility profile of pandemic and seasonal influenza viruses during the 2009–2010 and 2010–2011 influenza seasons in Japan
human-nai	35	Okomo-Adhiambo M, Nguyen HT, Abd Elal A, Sleeman K, Fry AM, Gubareva LV. 2014. Drug susceptibility surveillance of influenza viruses circulating in the United States in 2011-2012: application of the WHO antiviral working group criteria. Influenza Other Respir Viruses 8:258-65.	10.1111/irv.12215	24299049	crossref-bibliographic	matched	Drug susceptibility surveillance of influenza viruses circulating in the U nited S tates in 2011‐2012: application of the WHO antiviral working group criteria
human-nai	36	Kwon JJ, Choi WS, Jeong JH, Kim EH, Lee OJ, Yoon SW, Hwang J, Webby RJ, Govorkova EA, Choi YK, Baek YH, Song MS. 2018. An I436N substitution confers resistance of influenza A(H1N1)pdm09 viruses to multiple neuraminidase inhibitors without affecting viral fitness. J Gen Virol 99:292-302.	10.1099/jgv.0.001029		crossref-bibliographic	matched	An I436N substitution confers resistance of influenza A(H1N1)pdm09 viruses to multiple neuraminidase inhibitors without affecting viral fitness
human-nai	37	Ghedin E, Laplante J, DePasse J, Wentworth DE, Santos RP, Lepow ML, Porter J, Stellrecht K, Lin X, Operario D, Griesemer S, Fitch A, Halpin RA, Stockwell TB, Spiro DJ, Holmes EC, St George K. 2011. Deep sequencing reveals mixed infection with 2009 pandemic influenza A (H1N1) virus strains and the emergence of oseltamivir resistance. J Infect Dis 203:168-74.	10.1093/infdis/jiq040	21288815	crossref-bibliographic	matched	Deep Sequencing Reveals Mixed Infection with 2009 Pandemic Influenza A (H1N1) Virus Strains and the Emergence of Oseltamivir Resistance
human-nai	38	Leung RC, Ip JD, Chen LL, Chan WM, To KK. 2024. Global emergence of neuraminidase inhibitor-resistant influenza A(H1N1)pdm09 viruses with I223V and S247N mutations: implications for antiviral resistance monitoring. Lancet Microbe 5:627-628.	10.1016/s2666-5247(24)00037-5		crossref-bibliographic	matched	Global emergence of neuraminidase inhibitor-resistant influenza A(H1N1)pdm09 viruses with I223V and S247N mutations: implications for antiviral resistance monitoring
human-nai	39	Centers for Disease C, Prevention. 2009. Oseltamivir-resistant 2009 pandemic influenza A (H1N1) virus infection in two summer campers receiving prophylaxis--North Carolina, 2009. MMWR Morb Mortal Wkly Rep 58:969-72.			crossref-bibliographic	not-found	
human-nai	40	Hurt AC, Chotpitayasunondh T, Cox NJ, Daniels R, Fry AM, Gubareva LV, Hayden FG, Hui DS, Hungnes O, Lackenby A, Lim W, Meijer A, Penn C, Tashiro M, Uyeki TM, Zambon M, Antivirals WHOCoPIAVRt. 2012. Antiviral resistance during the 2009 influenza A H1N1 pandemic: public health, laboratory, and clinical perspectives. Lancet Infect Dis 12:240-8.	10.1016/s1473-3099(11)70318-8		crossref-bibliographic	matched	Antiviral resistance during the 2009 influenza A H1N1 pandemic: public health, laboratory, and clinical perspectives
human-nai	41	Abed Y, Baz M, Boivin G. 2006. Impact of neuraminidase mutations conferring influenza resistance to neuraminidase inhibitors in the N1 and N2 genetic backgrounds. Antivir Ther 11:971-6.	10.1177/135965350601100804		crossref-bibliographic	matched	Impact of Neuraminidase Mutations Conferring Influenza Resistance to Neuraminidase Inhibitors in the N1 and N2 Genetic Backgrounds
human-nai	42	Choi W, Shin JY, Jeong HE, Jeong MJ, Kim SJ, Lee JY, Kang C. 2013. Generation and Characterization of Recombinant Influenza A(H1N1) Viruses Resistant to Neuraminidase Inhibitors. Osong Public Health Res Perspect 4:323-8.	10.1016/j.phrp.2013.10.005	24524021	crossref-bibliographic	matched	Generation and Characterization of Recombinant Influenza A(H1N1) Viruses Resistant to Neuraminidase Inhibitors
human-nai	43	Hurt AC, Holien JK, Parker M, Kelso A, Barr IG. 2009. Zanamivir-resistant influenza viruses with a novel neuraminidase mutation. J Virol 83:10366-73.	10.1128/jvi.01200-09	19641000	crossref-bibliographic	matched	Zanamivir-Resistant Influenza Viruses with a Novel Neuraminidase Mutation
human-nai	44	Monto AS, McKimm-Breschkin JL, Macken C, Hampson AW, Hay A, Klimov A, Tashiro M, Webster RG, Aymard M, Hayden FG, Zambon M. 2006. Detection of influenza viruses resistant to neuraminidase inhibitors in global surveillance during the first 3 years of their use. Antimicrob Agents Chemother 50:2395-402.	10.1128/aac.01339-05	16801417	crossref-bibliographic	matched	Detection of Influenza Viruses Resistant to Neuraminidase Inhibitors in Global Surveillance during the First 3 Years of Their Use
human-nai	45	Hurt AC, Holien JK, Barr IG. 2009. In vitro generation of neuraminidase inhibitor resistance in A(H5N1) influenza viruses. Antimicrob Agents Chemother 53:4433-40.	10.1128/aac.00334-09	19651908	crossref-bibliographic	matched	In Vitro Generation of Neuraminidase Inhibitor Resistance in A(H5N1) Influenza Viruses
human-nai	46	Sheu TG, Deyde VM, Okomo-Adhiambo M, Garten RJ, Xu X, Bright RA, Butler EN, Wallis TR, Klimov AI, Gubareva LV. 2008. Surveillance for neuraminidase inhibitor resistance among human influenza A and B viruses circulating worldwide from 2004 to 2008. Antimicrob Agents Chemother 52:3284-92.	10.1128/aac.00555-08	18625765	crossref-bibliographic	matched	Surveillance for Neuraminidase Inhibitor Resistance among Human Influenza A and B Viruses Circulating Worldwide from 2004 to 2008
human-nai	47	Mishin VP, Hayden FG, Gubareva LV. 2005. Susceptibilities of antiviral-resistant influenza viruses to novel neuraminidase inhibitors. Antimicrob Agents Chemother 49:4515-20.	10.1128/aac.49.11.4515-4520.2005	16251290	crossref-bibliographic	matched	Susceptibilities of Antiviral-Resistant Influenza Viruses to Novel Neuraminidase Inhibitors
human-nai	48	Boltz DA, Douangngeun B, Phommachanh P, Sinthasak S, Mondry R, Obert C, Seiler P, Keating R, Suzuki Y, Hiramatsu H, Govorkova EA, Webster RG. 2010. Emergence of H5N1 avian influenza viruses with reduced sensitivity to neuraminidase inhibitors and novel reassortants in Lao People's Democratic Republic. J Gen Virol 91:949-59.	10.1099/vir.0.017459-0	20016036	crossref-bibliographic	matched	Emergence of H5N1 avian influenza viruses with reduced sensitivity to neuraminidase inhibitors and novel reassortants in Lao People's Democratic Republic
human-nai	49	Hurt AC, Selleck P, Komadina N, Shaw R, Brown L, Barr IG. 2007. Susceptibility of highly pathogenic A(H5N1) avian influenza viruses to the neuraminidase inhibitors and adamantanes. Antiviral Res 73:228-31.	10.1016/j.antiviral.2006.10.004		crossref-bibliographic	matched	Susceptibility of highly pathogenic A(H5N1) avian influenza viruses to the neuraminidase inhibitors and adamantanes
human-nai	50	Pascua PNQ, Chesnokov AP, Nguyen HT, Champion C, Gao R, De La Cruz JA, Jang Y, Hatta Y, Guo Z, Uyeki TM, Di H, Stevens J, Davis CT, Gubareva LV. 2026. Antiviral susceptibility of clade 2.3.4.4b highly pathogenic avian influenza A(H5N1) viruses from humans in the United States, October 2024 to February 2025. Emerg Microbes Infect 15:2601372.	10.1080/22221751.2025.2601372	41392919	crossref-bibliographic	matched	Antiviral susceptibility of clade 2.3.4.4b highly pathogenic avian influenza A(H5N1) viruses from humans in the United States, October 2024 to February 2025
human-nai	51	Kode SS, Pawar SD, Tare DS, Keng SS, Hurt AC, Mullick J. 2019. A novel I117T substitution in neuraminidase of highly pathogenic avian influenza H5N1 virus conferring reduced susceptibility to oseltamivir and zanamivir. Vet Microbiol 235:21-24.	10.1016/j.vetmic.2019.06.005		crossref-bibliographic	matched	A novel I117T substitution in neuraminidase of highly pathogenic avian influenza H5N1 virus conferring reduced susceptibility to oseltamivir and zanamivir
human-nai	52	Nguyen HT, Chesnokov A, De La Cruz J, Pascua PNQ, Mishin VP, Jang Y, Jones J, Di H, Ivashchenko AA, Killian ML, Torchetti MK, Lantz K, Wentworth DE, Davis CT, Ivachtchenko AV, Gubareva LV. 2023. Antiviral susceptibility of clade 2.3.4.4b highly pathogenic avian influenza A(H5N1) viruses isolated from birds and mammals in the United States, 2022. Antiviral Res 217:105679.	10.1016/j.antiviral.2023.105679	37494978	crossref-bibliographic	matched	Antiviral susceptibility of clade 2.3.4.4b highly pathogenic avian influenza A(H5N1) viruses isolated from birds and mammals in the United States, 2022
human-nai	53	Ilyushina NA, Seiler JP, Rehg JE, Webster RG, Govorkova EA. 2010. Effect of neuraminidase inhibitor-resistant mutations on pathogenicity of clade 2.2 A/Turkey/15/06 (H5N1) influenza virus in ferrets. PLoS Pathog 6:e1000933.	10.1371/journal.ppat.1000933	20523902	crossref-bibliographic	matched	Effect of Neuraminidase Inhibitor–Resistant Mutations on Pathogenicity of Clade 2.2 A/Turkey/15/06 (H5N1) Influenza Virus in Ferrets
human-nai	54	Le MT, Wertheim HF, Nguyen HD, Taylor W, Hoang PV, Vuong CD, Nguyen HL, Nguyen HH, Nguyen TQ, Nguyen TV, Van TD, Ngoc BT, Bui TN, Nguyen BG, Nguyen LT, Luong ST, Phan PH, Pham HV, Nguyen T, Fox A, Nguyen CV, Do HQ, Crusat M, Farrar J, Nguyen HT, de Jong MD, Horby P. 2008. Influenza A H5N1 clade 2.3.4 virus with a different antiviral susceptibility profile replaced clade 1 virus in humans in northern Vietnam. PLoS One 3:e3339.	10.1371/journal.pone.0003339	18836532	manual	matched	Influenza A H5N1 Clade 2.3.4 Virus with a Different Antiviral Susceptibility Profile Replaced Clade 1 Virus in Humans in Northern Vietnam
human-nai	55	Hurt AC, Lowther S, Middleton D, Barr IG. 2010. Assessing the development of oseltamivir and zanamivir resistance in A(H5N1) influenza viruses using a ferret model. Antiviral Res 87:361-6.	10.1016/j.antiviral.2010.06.009		crossref-bibliographic	matched	Assessing the development of oseltamivir and zanamivir resistance in A(H5N1) influenza viruses using a ferret model
human-nai	56	Naughtin M, Dyason JC, Mardy S, Sorn S, von Itzstein M, Buchy P. 2011. Neuraminidase inhibitor sensitivity and receptor-binding specificity of Cambodian clade 1 highly pathogenic H5N1 influenza virus. Antimicrob Agents Chemother 55:2004-10.	10.1128/aac.01773-10	21343450	crossref-bibliographic	matched	Neuraminidase Inhibitor Sensitivity and Receptor-Binding Specificity of Cambodian Clade 1 Highly Pathogenic H5N1 Influenza Virus
human-nai	57	Andreev K, Jones JC, Seiler P, Kandeil A, Turner JCM, Barman S, Rubrum AM, Webby RJ, Govorkova EA. 2024. Antiviral Susceptibility of Highly Pathogenic Avian Influenza A(H5N1) Viruses Circulating Globally in 2022-2023. J Infect Dis 229:1830-1835.	10.1093/infdis/jiad418	37770028	crossref-bibliographic	matched	Antiviral Susceptibility of Highly Pathogenic Avian Influenza A(H5N1) Viruses Circulating Globally in 2022–2023
human-nai	58	Boltz DA, Douangngeun B, Phommachanh P, Sinthasak S, Mondry R, Obert C, Seiler P, Keating R, Suzuki Y, Hiramatsu H, Govorkova EA, Webster RG. 2010. Emergence of H5N1 avian influenza viruses with reduced sensitivity to neuraminidase inhibitors and novel reassortants in Lao People's Democratic Republic. J Gen Virol 91:949-59.	10.1099/vir.0.017459-0	20016036	crossref-bibliographic	matched	Emergence of H5N1 avian influenza viruses with reduced sensitivity to neuraminidase inhibitors and novel reassortants in Lao People's Democratic Republic
human-nai	59	Le QM, Kiso M, Someya K, Sakai YT, Nguyen TH, Nguyen KH, Pham ND, Ngyen HH, Yamada S, Muramoto Y, Horimoto T, Takada A, Goto H, Suzuki T, Suzuki Y, Kawaoka Y. 2005. Avian flu: isolation of drug-resistant H5N1 virus. Nature 437:1108.	10.1038/4371108a		manual	matched	Isolation of drug-resistant H5N1 virus
human-nai	60	Nguyen HT, Nguyen T, Mishin VP, Sleeman K, Balish A, Jones J, Creanga A, Marjuki H, Uyeki TM, Nguyen DH, Nguyen DT, Do HT, Klimov AI, Davis CT, Gubareva LV. 2013. Antiviral susceptibility of highly pathogenic avian influenza A(H5N1) viruses isolated from poultry, Vietnam, 2009-2011. Emerg Infect Dis 19:1963-71.	10.3201/eid1912.130705	24274711	crossref-bibliographic	matched	Antiviral Susceptibility of Highly Pathogenic Avian Influenza A(H5N1) Viruses Isolated from Poultry, Vietnam, 2009–2011
human-nai	61	Earhart KC, Elsayed NM, Saad MD, Gubareva LV, Nayel A, Deyde VM, Abdelsattar A, Abdelghani AS, Boynton BR, Mansour MM, Essmat HM, Klimov A, Shuck-Lee D, Monteville MR, Tjaden JA. 2009. Oseltamivir resistance mutation N294S in human influenza A(H5N1) virus in Egypt. J Infect Public Health 2:74-80.	10.1016/j.jiph.2009.04.004		crossref-bibliographic	matched	Oseltamivir resistance mutation N294S in human influenza A(H5N1) virus in Egypt
human-nai	62	Creanga A, Hang NLK, Cuong VD, Nguyen HT, Phuong HVM, Thanh LT, Thach NC, Hien PT, Tung N, Jang Y, Balish A, Dang NH, Duong MT, Huong NT, Hoa DN, Tho ND, Klimov A, Kapella BK, Gubareva L, Kile JC, Hien NT, Mai LQ, Davis CT. 2017. Highly Pathogenic Avian Influenza A(H5N1) Viruses at the Animal-Human Interface in Vietnam, 2003-2010. J Infect Dis 216:S529-S538.	10.1093/infdis/jix003		crossref-bibliographic	matched	Highly Pathogenic Avian Influenza A(H5N1) Viruses at the Animal–Human Interface in Vietnam, 2003–2010
human-nai	63	Zurcher T, Yates PJ, Daly J, Sahasrabudhe A, Walters M, Dash L, Tisdale M, McKimm-Breschkin JL. 2006. Mutations conferring zanamivir resistance in human influenza virus N2 neuraminidases compromise virus fitness and are not stably maintained in vitro. J Antimicrob Chemother 58:723-32.	10.1093/jac/dkl321		crossref-bibliographic	matched	Mutations conferring zanamivir resistance in human influenza virus N2 neuraminidases compromise virus fitness and are not stably maintained in vitro
human-nai	64	Okomo-Adhiambo M, Demmler-Harrison GJ, Deyde VM, Sheu TG, Xu X, Klimov AI, Gubareva LV. 2010. Detection of E119V and E119I mutations in influenza A (H3N2) viruses isolated from an immunocompromised patient: challenges in diagnosis of oseltamivir resistance. Antimicrob Agents Chemother 54:1834-41.	10.1128/aac.01608-09	20194700	crossref-bibliographic	matched	Detection of E119V and E119I Mutations in Influenza A (H3N2) Viruses Isolated from an Immunocompromised Patient: Challenges in Diagnosis of Oseltamivir Resistance
human-nai	65	Tamura D, Sugaya N, Ozawa M, Takano R, Ichikawa M, Yamazaki M, Kawakami C, Shimizu H, Uehara R, Kiso M, Kawakami E, Mitamura K, Kawaoka Y. 2011. Frequency of drug-resistant viruses and virus shedding in pediatric influenza patients treated with neuraminidase inhibitors. Clin Infect Dis 52:432-7.	10.1093/cid/ciq183	21248368	crossref-bibliographic	matched	Frequency of Drug-resistant Viruses and Virus Shedding in Pediatric Influenza Patients Treated With Neuraminidase Inhibitors
human-nai	66	Ison MG, Gubareva LV, Atmar RL, Treanor J, Hayden FG. 2006. Recovery of drug-resistant influenza virus from immunocompromised patients: a case series. J Infect Dis 193:760-4.	10.1086/500465		crossref-bibliographic	matched	Recovery of Drug‐Resistant Influenza Virus from Immunocompromised Patients: A Case Series
human-nai	67	Simon P, Holder BP, Bouhy X, Abed Y, Beauchemin CA, Boivin G. 2011. The I222V neuraminidase mutation has a compensatory role in replication of an oseltamivir-resistant influenza virus A/H3N2 E119V mutant. J Clin Microbiol 49:715-7.	10.1128/jcm.01732-10	21106781	crossref-bibliographic	matched	The I222V Neuraminidase Mutation Has a Compensatory Role in Replication of an Oseltamivir-Resistant Influenza Virus A/H3N2 E119V Mutant
human-nai	68	Tamura D, Nguyen HT, Sleeman K, Levine M, Mishin VP, Yang H, Guo Z, Okomo-Adhiambo M, Xu X, Stevens J, Gubareva LV. 2013. Cell culture-selected substitutions in influenza A(H3N2) neuraminidase affect drug susceptibility assessment. Antimicrob Agents Chemother 57:6141-6.	10.1128/aac.01364-13	24080660	crossref-bibliographic	matched	Cell Culture-Selected Substitutions in Influenza A(H3N2) Neuraminidase Affect Drug Susceptibility Assessment
human-nai	69	Eshaghi A, Shalhoub S, Rosenfeld P, Li A, Higgins RR, Stogios PJ, Savchenko A, Bastien N, Li Y, Rotstein C, Gubbay JB. 2014. Multiple influenza A (H3N2) mutations conferring resistance to neuraminidase inhibitors in a bone marrow transplant recipient. Antimicrob Agents Chemother 58:7188-97.	10.1128/aac.03667-14	25246391	crossref-bibliographic	matched	Multiple Influenza A (H3N2) Mutations Conferring Resistance to Neuraminidase Inhibitors in a Bone Marrow Transplant Recipient
human-nai	70	Hurt AC, Leang SK, Tiedemann K, Butler J, Mechinaud F, Kelso A, Downie P, Barr IG. 2013. Progressive emergence of an oseltamivir-resistant A(H3N2) virus over two courses of oseltamivir treatment in an immunocompromised paediatric patient. Influenza Other Respir Viruses 7:904-8.	10.1111/irv.12108	23551973	manual	matched	Progressive emergence of an oseltamivir‐resistant A ( H 3 N 2) virus over two courses of oseltamivir treatment in an immunocompromised paediatric patient
human-nai	71	Dapat C, Suzuki Y, Saito R, Kyaw Y, Myint YY, Lin N, Oo HN, Oo KY, Win N, Naito M, Hasegawa G, Dapat IC, Zaraket H, Baranovich T, Nishikawa M, Saito T, Suzuki H. 2010. Rare influenza A (H3N2) variants with reduced sensitivity to antiviral drugs. Emerg Infect Dis 16:493-6.	10.3201/eid1603.091321	20202427	crossref-bibliographic	matched	Rare Influenza A (H3N2) Variants with Reduced Sensitivity to Antiviral Drugs
human-nai	72	Yen HL, Hoffmann E, Taylor G, Scholtissek C, Monto AS, Webster RG, Govorkova EA. 2006. Importance of neuraminidase active-site residues to the neuraminidase inhibitor resistance of influenza viruses. J Virol 80:8787-95.	10.1128/jvi.00477-06	16912325	crossref-bibliographic	matched	Importance of Neuraminidase Active-Site Residues to the Neuraminidase Inhibitor Resistance of Influenza Viruses
human-nai	73	Mishin VP, Sleeman K, Levine M, Carney PJ, Stevens J, Gubareva LV. 2014. The effect of the MDCK cell selected neuraminidase D151G mutation on the drug susceptibility assessment of influenza A(H3N2) viruses. Antiviral Res 101:93-6.	10.1016/j.antiviral.2013.11.001	24239666	crossref-bibliographic	matched	The effect of the MDCK cell selected neuraminidase D151G mutation on the drug susceptibility assessment of influenza A(H3N2) viruses
human-nai	74	Richard M, Ferraris O, Erny A, Barthelemy M, Traversier A, Sabatier M, Hay A, Lin YP, Russell RJ, Lina B. 2011. Combinatorial effect of two framework mutations (E119V and I222L) in the neuraminidase active site of H3N2 influenza virus on resistance to oseltamivir. Antimicrob Agents Chemother 55:2942-52.	10.1128/aac.01699-10	21422222	crossref-bibliographic	matched	Combinatorial Effect of Two Framework Mutations (E119V and I222L) in the Neuraminidase Active Site of H3N2 Influenza Virus on Resistance to Oseltamivir
human-nai	75	Abed Y, Baz M, Boivin G. 2009. A novel neuraminidase deletion mutation conferring resistance to oseltamivir in clinical influenza A/H3N2 virus. J Infect Dis 199:180-3.	10.1086/595736		crossref-bibliographic	matched	A Novel Neuraminidase Deletion Mutation Conferring Resistance to Oseltamivir in Clinical Influenza A/H3N2 Virus
human-nai	76	Tamura D, Okomo-Adhiambo M, Mishin VP, Guo Z, Xu X, Villanueva J, Fry AM, Stevens J, Gubareva LV. 2015. Application of a seven-target pyrosequencing assay to improve the detection of neuraminidase inhibitor-resistant Influenza A(H3N2) viruses. Antimicrob Agents Chemother 59:2374-9.	10.1128/aac.04939-14	25645846	crossref-bibliographic	matched	Application of a Seven-Target Pyrosequencing Assay To Improve the Detection of Neuraminidase Inhibitor-Resistant Influenza A(H3N2) Viruses
human-nai	77	Carr J, Ives J, Kelly L, Lambkin R, Oxford J, Mendel D, Tai L, Roberts N. 2002. Influenza virus carrying neuraminidase with reduced sensitivity to oseltamivir carboxylate has altered properties in vitro and is compromised for infectivity and replicative ability in vivo. Antiviral Res 54:79-88.	10.1016/s0166-3542(01)00215-7		crossref-bibliographic	matched	Influenza virus carrying neuraminidase with reduced sensitivity to oseltamivir carboxylate has altered properties in vitro and is compromised for infectivity and replicative ability in vivo
human-nai	78	Yen HL, Herlocher LM, Hoffmann E, Matrosovich MN, Monto AS, Webster RG, Govorkova EA. 2005. Neuraminidase inhibitor-resistant influenza viruses may differ substantially in fitness and transmissibility. Antimicrob Agents Chemother 49:4075-84.	10.1128/aac.49.10.4075-4084.2005	16189083	crossref-bibliographic	matched	Neuraminidase Inhibitor-Resistant Influenza Viruses May Differ Substantially in Fitness and Transmissibility
human-nai	79	Kiso M, Mitamura K, Sakai-Tagawa Y, Shiraishi K, Kawakami C, Kimura K, Hayden FG, Sugaya N, Kawaoka Y. 2004. Resistant influenza A viruses in children treated with oseltamivir: descriptive study. Lancet 364:759-65.	10.1016/s0140-6736(04)16934-1		manual	matched	Resistant influenza A viruses in children treated with oseltamivir: descriptive study
human-nai	80	McCauley JW DR, et al. 2017. Report prepared for the WHO annual consultation on the composition of influenza vaccine for the Southern Hemisphere 2018. Accessed 10th September 2024.	10.2807/esw.02.41.01147-en		crossref-bibliographic	ambiguous	WHO recommends influenza vaccine components for the southern hemisphere
human-nai	81	Hussain S, Daniels RS, Wharton SA, Howell S, Halai C, Kunzelmann S, Whittaker L, McCauley JW. 2021. Reduced sialidase activity of influenza A(H3N2) neuraminidase associated with positively charged amino acid substitutions. J Gen Virol 102.	10.1099/jgv.0.001648		crossref-bibliographic	matched	Reduced sialidase activity of influenza A(H3N2) neuraminidase associated with positively charged amino acid substitutions
human-nai	82	Baz M, Abed Y, McDonald J, Boivin G. 2006. Characterization of multidrug-resistant influenza A/H3N2 viruses shed during 1 year by an immunocompromised child. Clin Infect Dis 43:1555-61.	10.1086/508777		crossref-bibliographic	matched	Characterization of Multidrug-Resistant Influenza A/H3N2 Viruses Shed during 1 Year by an Immunocompromised Child
human-nai	83	Sleeman K, Mishin VP, Guo Z, Garten RJ, Balish A, Fry AM, Villanueva J, Stevens J, Gubareva LV. 2014. Antiviral susceptibility of variant influenza A(H3N2)v viruses isolated in the United States from 2011 to 2013. Antimicrob Agents Chemother 58:2045-51.	10.1128/aac.02556-13	24449767	crossref-bibliographic	matched	Antiviral Susceptibility of Variant Influenza A(H3N2)v Viruses Isolated in the United States from 2011 to 2013
human-nai	84	Gubareva LV, Sleeman K, Guo Z, Yang H, Hodges E, Davis CT, Baranovich T, Stevens J. 2017. Drug Susceptibility Evaluation of an Influenza A(H7N9) Virus by Analyzing Recombinant Neuraminidase Proteins. J Infect Dis 216:S566-S574.	10.1093/infdis/jiw625	28934455	crossref-bibliographic	matched	Drug Susceptibility Evaluation of an Influenza A(H7N9) Virus by Analyzing Recombinant Neuraminidase Proteins
human-nai	85	Marjuki H, Mishin VP, Chesnokov AP, Jones J, De La Cruz JA, Sleeman K, Tamura D, Nguyen HT, Wu HS, Chang FY, Liu MT, Fry AM, Cox NJ, Villanueva JM, Davis CT, Gubareva LV. 2015. Characterization of drug-resistant influenza A(H7N9) variants isolated from an oseltamivir-treated patient in Taiwan. J Infect Dis 211:249-57.	10.1093/infdis/jiu447	25124927	crossref-bibliographic	matched	Characterization of Drug-Resistant Influenza A(H7N9) Variants Isolated From an Oseltamivir-Treated Patient in Taiwan
human-nai	86	Tang J, Gao R, Liu L, Zhang S, Liu J, Li X, Fang Q, Feng Z, Xu C, Huang W, Wang D. 2021. Substitution of I222L-E119V in neuraminidase from highly pathogenic avian influenza H7N9 virus exhibited synergistic resistance effect to oseltamivir in mice. Sci Rep 11:16293.	10.1038/s41598-021-95771-4	34381119	crossref-bibliographic	matched	Substitution of I222L-E119V in neuraminidase from highly pathogenic avian influenza H7N9 virus exhibited synergistic resistance effect to oseltamivir in mice
human-nai	87	Hai R, Schmolke M, Leyva-Grado VH, Thangavel RR, Margine I, Jaffe EL, Krammer F, Solorzano A, Garcia-Sastre A, Palese P, Bouvier NM. 2013. Influenza A(H7N9) virus gains neuraminidase inhibitor resistance without loss of in vivo virulence or transmissibility. Nat Commun 4:2854.	10.1038/ncomms3854	24326875	crossref-bibliographic	matched	Influenza A(H7N9) virus gains neuraminidase inhibitor resistance without loss of in vivo virulence or transmissibility
human-nai	88	Sleeman K, Guo Z, Barnes J, Shaw M, Stevens J, Gubareva LV. 2013. R292K substitution and drug susceptibility of influenza A(H7N9) viruses. Emerg Infect Dis 19:1521-4.	10.3201/eid1909.130724	23965618	crossref-bibliographic	matched	R292K Substitution and Drug Susceptibility of Influenza A(H7N9) Viruses
human-nai	89	Brown SK, Tseng YY, Aziz A, Baz M, Barr IG. 2022. Characterization of influenza B viruses with reduced susceptibility to influenza neuraminidase inhibitors. Antiviral Res 200:105280.	10.1016/j.antiviral.2022.105280		crossref-bibliographic	matched	Characterization of influenza B viruses with reduced susceptibility to influenza neuraminidase inhibitors
human-nai	90	Fujisaki S, Takashita E, Yokoyama M, Taniwaki T, Xu H, Kishida N, Sato H, Tashiro M, Imai M, Odagiri T. 2012. A single E105K mutation far from the active site of influenza B virus neuraminidase contributes to reduced susceptibility to multiple neuraminidase-inhibitor drugs. Biochem Biophys Res Commun 429:51-6.	10.1016/j.bbrc.2012.10.095		crossref-bibliographic	matched	A single E105K mutation far from the active site of influenza B virus neuraminidase contributes to reduced susceptibility to multiple neuraminidase-inhibitor drugs
human-nai	91	Farrukee R, Leang SK, Butler J, Lee RT, Maurer-Stroh S, Tilmanis D, Sullivan S, Mosse J, Barr IG, Hurt AC. 2015. Influenza viruses with B/Yamagata- and B/Victoria-like neuraminidases are differentially affected by mutations that alter antiviral susceptibility. J Antimicrob Chemother 70:2004-12.	10.1093/jac/dkv065		crossref-bibliographic	matched	Influenza viruses with B/Yamagata- and B/Victoria-like neuraminidases are differentially affected by mutations that alter antiviral susceptibility
human-nai	92	Jackson D, Barclay W, Zurcher T. 2005. Characterization of recombinant influenza B viruses with key neuraminidase inhibitor resistance mutations. J Antimicrob Chemother 55:162-9.	10.1093/jac/dkh528		crossref-bibliographic	matched	Characterization of recombinant influenza B viruses with key neuraminidase inhibitor resistance mutations
human-nai	93	Sheu TG, Deyde VM, Garten RJ, Klimov AI, Gubareva LV. 2010. Detection of antiviral resistance and genetic lineage markers in influenza B virus neuraminidase using pyrosequencing. Antiviral Res 85:354-60.	10.1016/j.antiviral.2009.10.022		crossref-bibliographic	matched	Detection of antiviral resistance and genetic lineage markers in influenza B virus neuraminidase using pyrosequencing
human-nai	94	Burnham AJ, Baranovich T, Marathe BM, Armstrong J, Webster RG, Govorkova EA. 2014. Fitness costs for Influenza B viruses carrying neuraminidase inhibitor-resistant substitutions: underscoring the importance of E119A and H274Y. Antimicrob Agents Chemother 58:2718-30.	10.1128/aac.02628-13	24566185	crossref-bibliographic	matched	Fitness Costs for Influenza B Viruses Carrying Neuraminidase Inhibitor-Resistant Substitutions: Underscoring the Importance of E119A and H274Y
human-nai	95	Barnett JM, Cadman A, Burrell FM, Madar SH, Lewis AP, Tisdale M, Bethell R. 1999. In vitro selection and characterisation of influenza B/Beijing/1/87 isolates with altered susceptibility to zanamivir. Virology 265:286-95.	10.1006/viro.1999.0058		crossref-bibliographic	matched	In Vitro Selection and Characterisation of Influenza B/Beijing/1/87 Isolates with Altered Susceptibility to Zanamivir
human-nai	96	Baranovich T, Vongphrachanh P, Ketmayoon P, Sisouk T, Chomlasack K, Khanthamaly V, Nguyen HT, Mishin VP, Marjuki H, Barnes JR, Garten RJ, Stevens J, Wentworth DE, Gubareva LV. 2017. Antiviral Drug-Resistant Influenza B Viruses Carrying H134N Substitution in Neuraminidase, Laos, February 2016. Emerg Infect Dis 23:686-690.	10.3201/eid2304.161876	28322707	crossref-bibliographic	matched	Antiviral Drug–Resistant Influenza B Viruses Carrying H134N Substitution in Neuraminidase, Laos, February 2016
human-nai	97	Fage C, Abed Y, Checkmahomed L, Venable MC, Boivin G. 2018. In Vitro Properties and Virulence of Contemporary Recombinant Influenza B Viruses Harboring Mutations of Cross-Resistance to Neuraminidase Inhibitors. Viruses 11.	10.3390/v11010006	30583488	crossref-bibliographic	matched	In Vitro Properties and Virulence of Contemporary Recombinant Influenza B Viruses Harboring Mutations of Cross-Resistance to Neuraminidase Inhibitors
human-nai	98	Fujisaki S, Imai M, Takashita E, Taniwaki T, Xu H, Kishida N, Yokoyama M, Sato H, Tashiro M, Odagiri T. 2013. Mutations at the monomer-monomer interface away from the active site of influenza B virus neuraminidase reduces susceptibility to neuraminidase inhibitor drugs. J Infect Chemother 19:891-5.	10.1007/s10156-013-0589-6		crossref-bibliographic	matched	Mutations at the monomer–monomer interface away from the active site of influenza B virus neuraminidase reduces susceptibility to neuraminidase inhibitor drugs
human-nai	99	Gubareva LV, Webster RG, Hayden FG. 2001. Comparison of the activities of zanamivir, oseltamivir, and RWJ-270201 against clinical isolates of influenza virus and neuraminidase inhibitor-resistant variants. Antimicrob Agents Chemother 45:3403-8.	10.1128/aac.45.12.3403-3408.2001	11709315	crossref-bibliographic	matched	Comparison of the Activities of Zanamivir, Oseltamivir, and RWJ-270201 against Clinical Isolates of Influenza Virus and Neuraminidase Inhibitor-Resistant Variants
human-nai	100	Gubareva LV, Matrosovich MN, Brenner MK, Bethell RC, Webster RG. 1998. Evidence for zanamivir resistance in an immunocompromised child infected with influenza B virus. J Infect Dis 178:1257- 62.	10.1086/314440		crossref-bibliographic	matched	Evidence for Zanamivir Resistance in an Immunocompromised Child Infected with Influenza B Virus
human-nai	101	Sleeman K, Sheu TG, Moore Z, Kilpatrick S, Garg S, Fry AM, Gubareva LV. 2011. Influenza B viruses with mutation in the neuraminidase active site, North Carolina, USA, 2010-11. Emerg Infect Dis 17:2043-6.	10.3201/eid1711.110787	22099093	crossref-bibliographic	matched	Influenza B Viruses with Mutation in the Neuraminidase Active Site, North Carolina, USA, 2010–11
human-nai	102	Hurt AC, Iannello P, Jachno K, Komadina N, Hampson AW, Barr IG, McKimm-Breschkin JL. 2006. Neuraminidase inhibitor-resistant and -sensitive influenza B viruses isolated from an untreated human patient. Antimicrob Agents Chemother 50:1872-4.	10.1128/aac.50.5.1872-1874.2006	16641465	crossref-bibliographic	matched	Neuraminidase Inhibitor-Resistant and -Sensitive Influenza B Viruses Isolated from an Untreated Human Patient
human-nai	103	Hatakeyama S, Sugaya N, Ito M, Yamazaki M, Ichikawa M, Kimura K, Kiso M, Shimizu H, Kawakami C, Koike K, Mitamura K, Kawaoka Y. 2007. Emergence of influenza B viruses with reduced sensitivity to neuraminidase inhibitors. JAMA 297:1435-42.	10.1001/jama.297.13.1435		crossref-bibliographic	matched	Emergence of Influenza B Viruses With Reduced Sensitivity to Neuraminidase Inhibitors
human-nai	104	Escuret V, Frobert E, Bouscambert-Duchamp M, Sabatier M, Grog I, Valette M, Lina B, Morfin F, Ferraris O. 2008. Detection of human influenza A (H1N1) and B strains with reduced sensitivity to neuraminidase inhibitors. J Clin Virol 41:25-8.	10.1016/j.jcv.2007.10.019		crossref-bibliographic	matched	Detection of human influenza A (H1N1) and B strains with reduced sensitivity to neuraminidase inhibitors
human-nai	105	Escuret V, Collins PJ, Casalegno JS, Vachieri SG, Cattle N, Ferraris O, Sabatier M, Frobert E, Caro V, Skehel JJ, Gamblin S, Valla F, Valette M, Ottmann M, McCauley JW, Daniels RS, Lina B. 2014. A Novel I221L Substitution in Neuraminidase Confers High-Level Resistance to Oseltamivir in Influenza B Viruses. J Infect Dis 210:1260-1269.	10.1093/infdis/jiu244	24795482	crossref-bibliographic	matched	A Novel I221L Substitution in Neuraminidase Confers High-Level Resistance to Oseltamivir in Influenza B Viruses
human-nai	106	Pascua PNQ, Marathe BM, Bisen S, Webby RJ, Govorkova EA. 2020. Influenza B viruses from different genetic backgrounds are variably impaired by neuraminidase inhibitor resistance-associated substitutions. Antiviral Res 173:104669.	10.1016/j.antiviral.2019.104669	31790712	crossref-bibliographic	matched	Influenza B viruses from different genetic backgrounds are variably impaired by neuraminidase inhibitor resistance–associated substitutions
human-nai	107	Wang D, Sleeman K, Huang W, Nguyen HT, Levine M, Cheng Y, Li X, Tan M, Xing X, Xu X, Klimov AI, Gubareva LV, Shu Y. 2013. Neuraminidase inhibitor susceptibility testing of influenza type B viruses in China during 2010 and 2011 identifies viruses with reduced susceptibility to oseltamivir and zanamivir. Antiviral Res 97:240-4.	10.1016/j.antiviral.2012.12.013		crossref-bibliographic	matched	Neuraminidase inhibitor susceptibility testing of influenza type B viruses in China during 2010 and 2011 identifies viruses with reduced susceptibility to oseltamivir and zanamivir
human-nai	108	Leang SK, Deng YM, Shaw R, Caldwell N, Iannello P, Komadina N, Buchy P, Chittaganpitch M, Dwyer DE, Fagan P, Gourinat AC, Hammill F, Horwood PF, Huang QS, Ip PK, Jennings L, Kesson A, Kok T, Kool JL, Levy A, Lin C, Lindsay K, Osman O, Papadakis G, Rahnamal F, Rawlinson W, Redden C, Ridgway J, Sam IC, Svobodova S, Tandoc A, Wickramasinghe G, Williamson J, Wilson N, Yusof MA, Kelso A, Barr IG, Hurt AC. 2013. Influenza antiviral resistance in the Asia-Pacific region during 2011. Antiviral Res 97:206-10.	10.1016/j.antiviral.2012.12.016		crossref-bibliographic	matched	Influenza antiviral resistance in the Asia-Pacific region during 2011
human-nai	109	Patel MC, Nguyen HT, Mishin VP, Pascua PNQ, Champion C, Lopez-Esteva M, Merced-Morales A, Budd A, Kirby MK, Rambo-Martin B, Laplante J, Bateman A, St George K, Sullivan M, Steel J, Kondor RJ, Gubareva LV. 2025. Antiviral susceptibility monitoring: testing algorithm, methods, and findings for influenza season, 2023-2024. Antiviral Res 244:106299.	10.1016/j.antiviral.2025.106299	41083110	manual	matched	Antiviral susceptibility monitoring: testing algorithm, methods, and findings for influenza season, 2023–2024
human-nai	110	Carr S, Ilyushina NA, Franks J, Adderson EE, Caniza M, Govorkova EA, Webster RG. 2011. Oseltamivir-resistant influenza A and B viruses pre- and postantiviral therapy in children and young adults with cancer. Pediatr Infect Dis J 30:284-8.	10.1097/inf.0b013e3181ff863b	21048522	crossref-bibliographic	matched	Oseltamivir-resistant Influenza A and B Viruses Pre- and Postantiviral Therapy in Children and Young Adults With Cancer
human-nai	111	Rongyuan Gao, Philippe Noriel Q Pascua, Anton Chesnokov, Ha T Nguyen, Timothy M Uyeki, Vasiliy P Mishin, Natosha Zanders, Dan Cui, Yunho Jang, Joyce Jones, Juan De La Cruz, Han Di, Charles Todd Davis, Larisa V Gubareva. Antiviral Susceptibility of Swine-Origin Influenza A Viruses Isolated from Humans, United States. Emerg. Inf. Dis. 2024 11:2303-2312.	10.3201/eid3011.240892	39378870	manual	matched	Antiviral Susceptibility of Swine-Origin Influenza A Viruses Isolated from Humans, United States
human-nai	112	Organization WH. 2012. Meetings of the WHO working group on surveillance of influenza antiviral susceptibility - Geneva, November 2011 and June 2012. Wkly Epidemiol Rec 87:369-74.	10.1111/irv.12215	24299049	crossref-bibliographic	ambiguous	Drug susceptibility surveillance of influenza viruses circulating in the U nited S tates in 2011‐2012: application of the WHO antiviral working group criteria
avian-nai	1	Boltz DA, Douangngeun B, Phommachanh P, Sinthasak S, Mondry R, Obert C, et al. Emergence of H5N1 avian influenza viruses with reduced sensitivity to neuraminidase inhibitors and novel reassortants in Lao People's Democratic Republic. J Gen Virol. 2010;91(Pt 4):949–59. https://doi.org/10.1099/vir.0.017459-0.	10.1099/vir.0.017459-0	20016036	doi-in-source	matched	
avian-nai	2	Hurt AC, Selleck P, Komadina N, Shaw R, Brown L, Barr IG. Susceptibility of highly pathogenic A(H5N1) avian influenza viruses to the neuraminidase inhibitors and adamantanes. Antiviral Res. 2007;73(3):228–31. https://doi.org/10.1016/j.antiviral.2006.10.004.	10.1016/j.antiviral.2006.10.004		doi-in-source	matched	
avian-nai	3	Pascua PNQ, Chesnokov AP, Nguyen HT, Champion C, Gao R, De La Cruz JA, et al. Antiviral susceptibility of clade 2.3.4.4b highly pathogenic avian influenza A(H5N1) viruses from humans in the United States, October 2024 to February 2025. Emerg Microbes Infect. 2026;15(1):2601372. https://doi.org/10.1080/22221751.2025.2601372.	10.1080/22221751.2025.2601372	41392919	doi-in-source	matched	
avian-nai	4	Kode SS, Pawar SD, Tare DS, Keng SS, Hurt AC, Mullick J. A novel I117T substitution in neuraminidase of highly pathogenic avian influenza H5N1 virus conferring reduced susceptibility to oseltamivir and zanamivir. Vet Microbiol. 2019;235:21–4. https://doi.org/10.1016/j.vetmic.2019.06.005.	10.1016/j.vetmic.2019.06.005		doi-in-source	matched	
avian-nai	5	Nguyen HT, Chesnokov A, De La Cruz J, Pascua PNQ, Mishin VP, Jang Y, et al. Antiviral susceptibility of clade 2.3.4.4b highly pathogenic avian influenza A(H5N1) viruses isolated from birds and mammals in the United States, 2022. Antiviral Res. 2023;217:105679. https://doi.org/10.1016/j.antiviral.2023.105679.	10.1016/j.antiviral.2023.105679	37494978	doi-in-source	matched	
avian-nai	6	Ilyushina NA, Seiler JP, Rehg JE, Webster RG, Govorkova EA. Effect of neuraminidase inhibitor-resistant mutations on pathogenicity of clade 2.2 A/Turkey/15/06 (H5N1) influenza virus in ferrets. PLoS Pathog. 2010;6(5):e1000933. https://doi.org/10.1371/journal.ppat.1000933.	10.1371/journal.ppat.1000933	20523902	doi-in-source	matched	
avian-nai	7	Le MT, Wertheim HF, Nguyen HD, Taylor W, Hoang PV, Vuong CD, et al. Influenza A H5N1 clade 2.3.4 virus with a different antiviral susceptibility profile replaced clade 1 virus in humans in northern Vietnam. PLoS One. 2008;3(10):e3339. https://doi.org/10.1371/journal.pone.0003339.	10.1371/journal.pone.0003339	18836532	doi-in-source	matched	
avian-nai	8	Baek YH, Song MS, Lee EY, Kim YI, Kim EH, Park SJ, et al. Profiling and characterization of influenza virus N1 strains potentially resistant to multiple neuraminidase inhibitors. J Virol. 2015;89(1):287–99. https://doi.org/10.1128/JVI.02485-14.	10.1128/JVI.02485-14	25320319	doi-in-source	matched	
avian-nai	9	Hurt AC, Holien JK, Barr IG. In vitro generation of neuraminidase inhibitor resistance in A(H5N1) influenza viruses. Antimicrob Agents Chemother. 2009;53(10):4433–40. https://doi.org/10.1128/AAC.00334-09.	10.1128/AAC.00334-09	19651908	doi-in-source	matched	
avian-nai	10	Hurt AC, Lowther S, Middleton D, Barr IG. Assessing the development of oseltamivir and zanamivir resistance in A(H5N1) influenza viruses using a ferret model. Antiviral Res. 2010;87(3):361–6. https://doi.org/10.1016/j.antiviral.2010.06.009.	10.1016/j.antiviral.2010.06.009		doi-in-source	matched	
avian-nai	11	Naughtin M, Dyason JC, Mardy S, Sorn S, von Itzstein M, Buchy P. Neuraminidase inhibitor sensitivity and receptor-binding specificity of Cambodian clade 1 highly pathogenic H5N1 influenza virus. Antimicrob Agents Chemother. 2011;55(5):2004–10. https://doi.org/10.1128/AAC.01773-10.	10.1128/AAC.01773-10	21343450	doi-in-source	matched	
avian-nai	12	Andreev K, Jones JC, Seiler P, Kandeil A, Webby RJ, Govorkova EA. Genotypic and phenotypic susceptibility of emerging avian influenza A viruses to neuraminidase and cap-dependent endonuclease inhibitors. Antiviral Res. 2024;229:105959. https://doi.org/10.1016/j.antiviral.2024.105959.	10.1016/j.antiviral.2024.105959	38986873	doi-in-source	matched	
avian-nai	13	Le QM, Kiso M, Someya K, Sakai YT, Nguyen TH, Nguyen KH, et al. Avian flu: isolation of drug-resistant H5N1 virus. Nature. 2005;437(7062):1108. https://doi.org/10.1038/4371108a.	10.1038/4371108a		doi-in-source	matched	
avian-nai	14	Nguyen HT, Nguyen T, Mishin VP, Sleeman K, Balish A, Jones J, et al. Antiviral susceptibility of highly pathogenic avian influenza A(H5N1) viruses isolated from poultry, Vietnam, 2009-2011. Emerg Infect Dis. 2013;19(12):1963–71. https://doi.org/10.3201/eid1912.130705.	10.3201/eid1912.130705	24274711	doi-in-source	matched	
avian-nai	15	Earhart KC, Elsayed NM, Saad MD, Gubareva LV, Nayel A, Deyde VM, et al. Oseltamivir resistance mutation N294S in human influenza A(H5N1) virus in Egypt. J Infect Public Health. 2009;2(2):74–80. https://doi.org/10.1016/j.jiph.2009.04.004.	10.1016/j.jiph.2009.04.004		doi-in-source	matched	
avian-nai	16	Creanga A, Hang NLK, Cuong VD, Nguyen HT, Phuong HVM, Thanh LT, et al. Highly Pathogenic Avian Influenza A(H5N1) Viruses at the Animal-Human Interface in Vietnam, 2003-2010. J Infect Dis. 2017;216(suppl_4):S529–S38. https://doi.org/10.1093/infdis/jix003.	10.1093/infdis/jix003		doi-in-source	matched	
avian-nai	17	Andreev K, Jones JC, Seiler P, Kandeil A, Turner JCM, Barman S, et al. Antiviral Susceptibility of Highly Pathogenic Avian Influenza A(H5N1) Viruses Circulating Globally in 2022-2023. J Infect Dis. 2024;229(6):1830–5. https://doi.org/10.1093/infdis/jiad418.	10.1093/infdis/jiad418	37770028	doi-in-source	matched	
avian-nai	18	Choi WS, Jeong JH, Kwon JJ, Ahn SJ, Lloren KKS, Kwon HI, et al. Screening for Neuraminidase Inhibitor Resistance Markers among Avian Influenza Viruses of the N4, N5, N6, and N8 Neuraminidase Subtypes. J Virol. 2018;92(1):e01580–17. https://doi.org/10.1128/JVI.01580-17.	10.1128/JVI.01580-17	29046464	doi-in-source	matched	
avian-nai	19	Jeong JH, Choi WS, Antigua KJC, Choi YK, Govorkova EA, Webby RJ, et al. In Vitro Profiling of Laninamivir-Resistant Substitutions in N3 to N9 Avian Influenza Virus Neuraminidase Subtypes and Their Association with In Vivo Susceptibility. J Virol. 2020;95(1):e01679–20. https://doi.org/10.1128/JVI.01679-20.	10.1128/JVI.01679-20	33055248	doi-in-source	matched	
avian-nai	20	Bialy D, Shelton H. Functional neuraminidase inhibitor resistance motifs in avian influenza A(H5Nx) viruses. Antiviral Res. 2020;182:104886. https://doi.org/10.1016/j.antiviral.2020.104886.	10.1016/j.antiviral.2020.104886	32750468	doi-in-source	matched	
avian-nai	21	Svyatchenko SV, Goncharova NI, Marchenko VY, Kolosova NP, Shvalov AN, Kovrizhkina VL, et al. An influenza A(H5N8) virus isolated during an outbreak at a poultry farm in Russia in 2017 has an N294S substitution in the neuraminidase and shows reduced susceptibility to oseltamivir. Antiviral Res. 2021;191:105079. https://doi.org/10.1016/j.antiviral.2021.105079.	10.1016/j.antiviral.2021.105079		doi-in-source	matched	
avian-nai	22	Gubareva LV, Robinson MJ, Bethell RC, Webster RG. Catalytic and framework mutations in the neuraminidase active site of influenza viruses that are resistant to 4- guanidino-Neu5Ac2en. J Virol. 1997;71(5):3385–90. https://doi.org/10.1128/JVI.71.5.3385-3390.1997.	10.1128/JVI.71.5.3385-3390.1997	9094607	doi-in-source	matched	
avian-nai	23	Mishin VP, Hayden FG, Gubareva LV. Susceptibilities of antiviral-resistant influenza viruses to novel neuraminidase inhibitors. Antimicrob Agents Chemother. 2005;49(11):4515–20. https://doi.org/10.1128/AAC.49.11.4515-4520.2005.	10.1128/AAC.49.11.4515-4520.2005	16251290	doi-in-source	matched	
avian-nai	24	Kode SS, Pawar SD, Cherian SS, Tare DS, Bhoye D, Keng SS, et al. Selection of avian influenza A (H9N2) virus with reduced susceptibility to neuraminidase inhibitors oseltamivir and zanamivir. Virus Res. 2019;265:122–6. https://doi.org/10.1016/j.virusres.2019.03.019.	10.1016/j.virusres.2019.03.019		doi-in-source	matched	
avian-nai	25	Tepper V, Nykvist M, Gillman A, Skog E, Wille M, Lindstrom HS, et al. Influenza A/H4N2 mallard infection experiments further indicate zanamivir as less prone to induce environmental resistance development than oseltamivir. J Gen Virol. 2020;101(8):816–24. https://doi.org/10.1099/jgv.0.001369.	10.1099/jgv.0.001369		doi-in-source	matched	
avian-nai	26	Gillman A, Muradrasoli S, Soderstrom H, Nordh J, Brojer C, Lindberg RH, et al. Resistance mutation R292K is induced in influenza A(H6N2) virus by exposure of infected mallards to low levels of oseltamivir. PLoS One. 2013;8(8):e71230. https://doi.org/10.1371/journal.pone.0071230.	10.1371/journal.pone.0071230	23951116	doi-in-source	matched	
avian-nai	27	Gillman A, Nykvist M, Muradrasoli S, Soderstrom H, Wille M, Daggfeldt A, et al. Influenza A(H7N9) virus acquires resistance-related neuraminidase I222T substitution when infected mallards are exposed to low levels of oseltamivir in water. Antimicrob Agents Chemother. 2015;59(9):5196–202. https://doi.org/10.1128/AAC.00886-15.	10.1128/AAC.00886-15	26077257	doi-in-source	matched	
avian-nai	28	Song MS, Marathe BM, Kumar G, Wong SS, Rubrum A, Zanin M, et al. Unique Determinants of Neuraminidase Inhibitor Resistance among N3, N7, and N9 Avian Influenza Viruses. J Virol. 2015;89(21):10891–900. https://doi.org/10.1128/JVI.01514-15.	10.1128/JVI.01514-15	26292325	doi-in-source	matched	
avian-nai	29	Gubareva LV, Sleeman K, Guo Z, Yang H, Hodges E, Davis CT, et al. Drug Susceptibility Evaluation of an Influenza A(H7N9) Virus by Analysing Recombinant Neuraminidase Proteins. J Infect Dis. 2017;216(suppl_4):S566–S74. https://doi.org/10.1093/infdis/jiw625.	10.1093/infdis/jiw625	28934455	doi-in-source	matched	
avian-nai	30	Marjuki H, Mishin VP, Chesnokov AP, Jones J, De La Cruz JA, Sleeman K, et al. Characterization of Drug-Resistant Influenza A(H7N9) Variants Isolated From an Oseltamivir-Treated Patient in Taiwan. J Infect Dis. 2015;211(2):249–57. https://doi.org/10.1093/infdis/jiu447.	10.1093/infdis/jiu447	25124927	doi-in-source	matched	
avian-nai	31	Tang J, Gao R, Liu L, Zhang S, Liu J, Li X, et al. Substitution of I222L-E119V in neuraminidase from highly pathogenic avian influenza H7N9 virus exhibited synergistic resistance effect to oseltamivir in mice. Sci Rep. 2021;11(1):16293. https://doi.org/10.1038/s41598-021-95771-4.	10.1038/s41598-021-95771-4	34381119	doi-in-source	matched	
avian-nai	32	Hai R, Schmolke M, Leyva-Grado VH, Thangavel RR, Margine I, Jaffe EL, et al. Influenza A(H7N9) virus gains neuraminidase inhibitor resistance without loss of in vivo virulence or transmissibility. Nat Commun. 2013;4:2854. https://doi.org/10.1038/ncomms3854.	10.1038/ncomms3854	24326875	doi-in-source	matched	
avian-nai	33	Sleeman K, Guo Z, Barnes J, Shaw M, Stevens J, Gubareva LV. R292K substitution and drug susceptibility of influenza A(H7N9) viruses. Emerg Infect Dis. 2013;19(9):1521–4. https://doi.org/10.3201/eid1909.130724.	10.3201/eid1909.130724	23965618	doi-in-source	matched	
avian-nai	34	McKimm-Breschkin JL, Sahasrabudhe A, Blick TJ, McDonald M, Colman PM, Hart GJ, et al. Mutations in a conserved residue in the influenza virus neuraminidase active site decreases sensitivity to Neu5Ac2en-derived inhibitors. J Virol. 1998;72(3):2456–62. https://doi.org/10.1128/JVI.72.3.2456-2462.1998.	10.1128/JVI.72.3.2456-2462.1998	9499107	doi-in-source	matched	
avian-nai	35	World Health Organization. Meetings of the WHO working group on surveillance of influenza antiviral susceptibility - Geneva, November 2011 and June 2012. Wkly Epidemiol Rec. 2012;87(39):369–74.			crossref-bibliographic	not-found	
pa	1	Luo D, Ye Q, Li R-T, Zhou H-Y, Guo J-J, Zhao S-Q, et al. PA-E18G substitution in influenza A virus confers resistance to ZX-7101, a cap-dependent endonuclease inhibitor. Virol Sin. 2023;38(4):559–67. https://doi.org/10.1016/j.virs.2023.06.002.	10.1016/j.virs.2023.06.002	37290559	doi-in-source	matched	
pa	2	Omoto S, Speranzini V, Hashimoto T, Noshi T, Yamaguchi H, Kawai M, et al. Characterization of influenza virus variants induced by treatment with the endonuclease inhibitor baloxavir marboxil. Sci Rep. 2018;8(1):9633. https://doi.org/10.1038/s41598-018-27890-4.	10.1038/s41598-018-27890-4	29941893	doi-in-source	matched	
pa	3	Ince WL, Smith FB, O'Rear JJ, Thomson M. Treatment-Emergent Influenza Virus Polymerase Acidic Substitutions Independent of Those at I38 Associated With Reduced Baloxavir Susceptibility and Virus Rebound in Trials of Baloxavir Marboxil. J Infect Dis. 2020;222(6):957–61. https://doi.org/10.1093/infdis/jiaa164.	10.1093/infdis/jiaa164		doi-in-source	matched	
pa	4	Sun B, Sun Y, Wang H, Tang X, Tang W, Mi Y, et al. Emergence of the novel PA-D27G mutation conferring reduced baloxavir susceptibility in influenza A viruses circulating in China, 2018- 2025. Emerg Microbes Infect. 2026;15(1):2620222. https://doi.org/10.1080/22221751.2026.2620222.	10.1080/22221751.2026.2620222	41555529	doi-in-source	matched	
pa	5	Hashimoto T, Baba K, Inoue K, Okane M, Hata S, Shishido T, et al. Comprehensive assessment of amino acid substitutions in the trimeric RNA polymerase complex of influenza A virus detected in clinical trials of baloxavir marboxil. Influenza Other Respir Viruses. 2021;15(3):389–95. https://doi.org/10.1111/irv.12821.	10.1111/irv.12821	33099886	doi-in-source	matched	
pa	6	Noshi T, Kitano M, Taniguchi K, Yamamoto A, Omoto S, Baba K, et al. In vitro characterization of baloxavir acid, a first-in-class cap-dependent endonuclease inhibitor of the influenza virus polymerase PA subunit. Antiviral Res. 2018;160:109–17. https://doi.org/10.1016/j.antiviral.2018.10.008.	10.1016/j.antiviral.2018.10.008		doi-in-source	matched	
pa	7	Takashita E, Morita H, Ogawa R, Nakamura K, Fujisaki S, Shirakura M, et al. Susceptibility of Influenza Viruses to the Novel Cap-Dependent Endonuclease Inhibitor Baloxavir Marboxil. Front Microbiol. 2018;9:3026. https://doi.org/10.3389/fmicb.2018.03026.	10.3389/fmicb.2018.03026	30574137	doi-in-source	matched	
pa	8	Takizawa N, Momose F. A novel E198K substitution in the PA gene of influenza A virus with reduced susceptibility to baloxavir acid. Arch Virol. 2022;167(7):1565–70. https://doi.org/10.1007/s00705-022-05456-0.	10.1007/s00705-022-05456-0	35511288	doi-in-source	matched	
pa	9	Gao R, Pascua PNQ, Chesnokov A, Nguyen HT, Uyeki TM, Mishin VP, et al. Antiviral Susceptibility of Swine-Origin Influenza A Viruses Isolated from Humans, United States. Emerg Infect Dis. 2024;30(11):2303–12. https://doi.org/10.3201/eid3011.240892.	10.3201/eid3011.240892	39378870	doi-in-source	matched	
pa	10	Gubareva LV, Mishin VP, Patel MC, Chesnokov A, Nguyen HT, De La Cruz J, et al. Assessing baloxavir susceptibility of influenza viruses circulating in the United States during the 2016/17 and 2017/18 seasons. Euro Surveill. 2019;24(3):1800666. https://doi.org/10.2807/1560-7917.ES.2019.24.3.1800666.	10.2807/1560-7917.ES.2019.24.3.1800666	30670144	doi-in-source	matched	
pa	11	Takashita E, Daniels RS, Fujisaki S, Gregory V, Gubareva LV, Huang W, et al. Global update on the susceptibilities of human influenza viruses to neuraminidase inhibitors and the cap- dependent endonuclease inhibitor baloxavir, 2017-2018. Antiviral Res. 2020;175:104718. https://doi.org/10.1016/j.antiviral.2020.104718.	10.1016/j.antiviral.2020.104718		doi-in-source	matched	
pa	12	Govorkova EA, Takashita E, Daniels RS, Fujisaki S, Presser LD, Patel MC, et al. Global update on the susceptibilities of human influenza viruses to neuraminidase inhibitors and the cap- dependent endonuclease inhibitor baloxavir, 2018-2020. Antiviral Res. 2022;200:105281. https://doi.org/10.1016/j.antiviral.2022.105281.	10.1016/j.antiviral.2022.105281	35292289	doi-in-source	matched	
pa	13	Jones JC, Zagribelnyy B, Pascua PNQ, Bezrukov DS, Barman S, Okda F, et al. Influenza A virus polymerase acidic protein E23G/K substitutions weaken key baloxavir drug-binding contacts with minimal impact on replication and transmission. PLoS Pathog. 2022;18(7):e1010698. https://doi.org/10.1371/journal.ppat.1010698.	10.1371/journal.ppat.1010698	35830486	doi-in-source	matched	
pa	14	Patel MC, Flanigan D, Feng C, Chesnokov A, Nguyen HT, Elal AA, et al. An optimized cell-based assay to assess influenza virus replication by measuring neuraminidase activity and its applications for virological surveillance. Antiviral Res. 2022;208. https://doi.org/10.1016/j.antiviral.2022.105457.	10.1016/j.antiviral.2022.105457	36332755	doi-in-source	matched	
pa	15	Takashita E, Abe T, Morita H, Nagata S, Fujisaki S, Miura H, et al. Influenza A(H1N1)pdm09 virus exhibiting reduced susceptibility to baloxavir due to a PA E23K substitution detected from a child without baloxavir treatment. Antiviral Res. 2020;180:104828. https://doi.org/10.1016/j.antiviral.2020.104828.	10.1016/j.antiviral.2020.104828		doi-in-source	matched	
pa	16	Takashita E, Fujisaki S, Morita H, Nagata S, Miura H, Kishida N, et al. Baloxavir susceptibility of seasonal influenza viruses during the first seven seasons of clinical use in Japan, 2017/18 to 2023/24. Euro Surveill. 2026;31(1):2500336. https://doi.org/10.2807/1560-7917.ES.2026.31.1.2500336.	10.2807/1560-7917.ES.2026.31.1.2500336	41508891	doi-in-source	matched	
pa	17	Jones JC, Rovito SW, Penaflor MK, Webby RJ, Govorkova EA. Influenza A virus polymerase acidic protein E23R substitution is a marker of reduced susceptibility to baloxavir. Antiviral Res. 2022;204:105369. https://doi.org/10.1016/j.antiviral.2022.105369.	10.1016/j.antiviral.2022.105369		doi-in-source	matched	
pa	18	Patel MC, Nguyen HT, Mishin VP, Pascua PNQ, Champion C, Lopez-Esteva M, et al. Antiviral susceptibility monitoring: testing algorithm, methods, and findings for influenza season, 2023- 2024. Antiviral Res. 2025;244:106299. https://doi.org/10.1016/j.antiviral.2025.106299.	10.1016/j.antiviral.2025.106299	41083110	doi-in-source	matched	
pa	19	Sato M, Takashita E, Katayose M, Nemoto K, Sakai N, Fujisaki S, et al. Detection of Variants With Reduced Baloxavir Marboxil and Oseltamivir Susceptibility in Children With Influenza A During the 2019-2020 Influenza Season. J Infect Dis. 2021;224(10):1735–41. https://doi.org/10.1093/infdis/jiab196.	10.1093/infdis/jiab196		doi-in-source	matched	
pa	20	Koszalka P, Tilmanis D, Roe M, Vijaykrishna D, Hurt AC. Baloxavir marboxil susceptibility of influenza viruses from the Asia-Pacific, 2012-2018. Antiviral Res. 2019;164:91–6. https://doi.org/10.1016/j.antiviral.2019.02.007.	10.1016/j.antiviral.2019.02.007		doi-in-source	matched	
pa	21	Jones JC, Pascua PNQ, Fabrizio TP, Marathe BM, Seiler P, Barman S, et al. Influenza A and B viruses with reduced baloxavir susceptibility display attenuated in vitro fitness but retain ferret transmissibility. Proc Natl Acad Sci U S A. 2020;117(15):8593–601. https://doi.org/10.1073/pnas.1916825117.	10.1073/pnas.1916825117	32217734	doi-in-source	matched	
pa	22	Chesnokov A, Patel MC, Mishin VP, De La Cruz JA, Lollis L, Nguyen HT, et al. Replicative Fitness of Seasonal Influenza A Viruses With Decreased Susceptibility to Baloxavir. J Infect Dis. 2020;221(3):367–71. https://doi.org/10.1093/infdis/jiz472.	10.1093/infdis/jiz472	31541547	doi-in-source	matched	
pa	23	Hickerson BT, Adams SE, Barman S, Miller L, Lugovtsev VY, Webby RJ, et al. Pleiotropic Effects of Influenza H1, H3, and B Baloxavir-Resistant Substitutions on Replication, Sensitivity to Baloxavir, and Interferon Expression. Antimicrob Agents Chemother. 2022;66(4):e0000922. https://doi.org/10.1128/aac.00009-22.	10.1128/aac.00009-22	35262375	doi-in-source	matched	
pa	24	Kiso M, Yamayoshi S, Murakami J, Kawaoka Y. Baloxavir Marboxil Treatment of Nude Mice Infected With Influenza A Virus. J Infect Dis. 2020;221(10):1699–702. https://doi.org/10.1093/infdis/jiz665.	10.1093/infdis/jiz665	31837268	doi-in-source	matched	
pa	25	Takashita E, Morita H, Nagata S, Fujisaki S, Miura H, Ikeda T, et al. Influenza A(H1N1)pdm09 Virus with Reduced Susceptibility to Baloxavir, Japan, 2024. Emerg Infect Dis. 2025;31(5):1019– 23. https://doi.org/10.3201/eid3105.241123.	10.3201/eid3105.241123	40180581	doi-in-source	matched	
pa	26	Sato M, Takashita E, Katayose M, Nemoto K, Sakai N, Hashimoto K, et al. Detection of Variants With Reduced Baloxavir Marboxil Susceptibility After Treatment of Children With Influenza A During the 2018-2019 Influenza Season. J Infect Dis. 2020;222(1):121–5. https://doi.org/10.1093/infdis/jiaa061.	10.1093/infdis/jiaa061		doi-in-source	matched	
pa	27	Checkmahomed L, M'Hamdi Z, Carbonneau J, Venable MC, Baz M, Abed Y, et al. Impact of the Baloxavir-Resistant Polymerase Acid I38T Substitution on the Fitness of Contemporary Influenza A(H1N1)pdm09 and A(H3N2) Strains. J Infect Dis. 2020;221(1):63–70. https://doi.org/10.1093/infdis/jiz418.	10.1093/infdis/jiz418	31419295	doi-in-source	matched	
pa	28	Imai M, Yamashita M, Sakai-Tagawa Y, Iwatsuki-Horimoto K, Kiso M, Murakami J, et al. Influenza A variants with reduced susceptibility to baloxavir isolated from Japanese patients are fit and transmit through respiratory droplets. Nat Microbiol. 2020;5(1):27–33. https://doi.org/10.1038/s41564-019-0609-0.	10.1038/s41564-019-0609-0	31768027	doi-in-source	matched	
pa	29	Chen D, Su W, Choy KT, Chu YS, Lin CH, Yen HL. High throughput profiling identified PA-L106R amino acid substitution in A(H1N1)pdm09 influenza virus that confers reduced susceptibility to baloxavir in vitro. Antiviral Res. 2024;229:105961. https://doi.org/10.1016/j.antiviral.2024.105961.	10.1016/j.antiviral.2024.105961		doi-in-source	matched	
pa	30	Hussain S, Meijer A, Govorkova EA, Dapat C, Gubareva LV, Barr IG, et al. Global update on the susceptibilities of influenza viruses to neuraminidase inhibitors and the cap-dependent endonuclease inhibitor baloxavir, 2020-2023. Antiviral Res. 2025;241:106217. https://doi.org/10.1016/j.antiviral.2025.106217.	10.1016/j.antiviral.2025.106217	40571063	doi-in-source	matched	
pa	31	Takashita E, Yasui Y, Ikegaya A, Saka K, Maeshiro N, Morita H, et al. Impact of the polymerase acidic protein E199K substitution in influenza A viruses on baloxavir susceptibility. Antiviral Res. 2025;239:106173. https://doi.org/10.1016/j.antiviral.2025.106173.	10.1016/j.antiviral.2025.106173		doi-in-source	matched	
pa	32	Takashita E, Kawakami C, Morita H, Ogawa R, Fujisaki S, Shirakura M, et al. Detection of influenza A(H3N2) viruses exhibiting reduced susceptibility to the novel cap-dependent endonuclease inhibitor baloxavir in Japan, December 2018. Euro Surveill. 2019;24(3):1800698. https://doi.org/10.2807/1560-7917.ES.2019.24.3.1800698.	10.2807/1560-7917.ES.2019.24.3.1800698	30670142	doi-in-source	matched	
pa	33	Takashita E, Kawakami C, Ogawa R, Morita H, Fujisaki S, Shirakura M, et al. Influenza A(H3N2) virus exhibiting reduced susceptibility to baloxavir due to a polymerase acidic subunit I38T substitution detected from a hospitalised child without prior baloxavir treatment, Japan, January 2019. Euro Surveill. 2019;24(12):1900170. https://doi.org/10.2807/1560- 7917.ES.2019.24.12.1900170.	10.2807/1560-7917.ES.2019.24.12.1900170		doi-in-source	doi-in-source	
pa	34	Takashita E, Ichikawa M, Morita H, Ogawa R, Fujisaki S, Shirakura M, et al. Human-to-Human Transmission of Influenza A(H3N2) Virus with Reduced Susceptibility to Baloxavir, Japan, February 2019. Emerg Infect Dis. 2019;25(11):2108–11. https://doi.org/10.3201/eid2511.190757.	10.3201/eid2511.190757	31436527	doi-in-source	matched	
pa	35	Uehara T, Hayden FG, Kawaguchi K, Omoto S, Hurt AC, De Jong MD, et al. Treatment-Emergent Influenza Variant Viruses With Reduced Baloxavir Susceptibility: Impact on Clinical and Virologic Outcomes in Uncomplicated Influenza. J Infect Dis. 2020;221(3):346–55. https://doi.org/10.1093/infdis/jiz244.	10.1093/infdis/jiz244		doi-in-source	matched	
pa	36	Yano T, Ochiai H, Akachi S, Matsumura Y. Polymerase Acidic Subunit I38T Mutant Influenza A(H3N2) Virus Isolated from a Pediatric Patient without Prior Baloxavir Marboxil Treatment in Mie Prefecture (November 2018). Jpn J Infect Dis. 2020;73(5):383–5. https://doi.org/10.7883/yoken.JJID.2019.210.	10.7883/yoken.JJID.2019.210		doi-in-source	matched	
pa	37	Takashita E, Fujisaki S, Morita H, Nagata S, Miura H, Matsuura Y, et al. A community cluster of influenza A(H3N2) virus infection with reduced susceptibility to baloxavir due to a PA E199G substitution in Japan, February to March 2023. Euro Surveill. 2023;28(39):2300501. https://doi.org/10.2807/1560-7917.Es.2023.28.39.2300501.	10.2807/1560-7917.Es.2023.28.39.2300501	37768560	doi-in-source	matched	
pa	38	Nguyen HT, Chesnokov A, De La Cruz J, Pascua PNQ, Mishin VP, Jang Y, et al. Antiviral susceptibility of clade 2.3.4.4b highly pathogenic avian influenza A(H5N1) viruses isolated from birds and mammals in the United States, 2022. Antiviral Res. 2023;217:105679. https://doi.org/10.1016/j.antiviral.2023.105679.	10.1016/j.antiviral.2023.105679	37494978	doi-in-source	matched	
pa	39	Taniguchi K, Noshi T, Omoto S, Sato A, Shishido T, Matsuno K, et al. The impact of PA/I38 substitutions and PA polymorphisms on the susceptibility of zoonotic influenza A viruses to baloxavir. Arch Virol. 2024;169(2):29. https://doi.org/10.1007/s00705-023-05958-5.	10.1007/s00705-023-05958-5	38216710	doi-in-source	matched	
pa	40	Pascua PNQ, Chesnokov AP, Nguyen HT, Champion C, Gao R, De La Cruz JA, et al. Antiviral susceptibility of clade 2.3.4.4b highly pathogenic avian influenza A(H5N1) viruses from humans in the United States, October 2024 to February 2025. Emerg Microbes Infect. 2026;15(1):2601372. https://doi.org/10.1080/22221751.2025.2601372.	10.1080/22221751.2025.2601372	41392919	doi-in-source	matched	
pa	41	Palmu S, Pillay-Ramaya L, Baker J, Kocsis K, Kanwar M, Berisha E, et al. A Phase 3 Safety and Efficacy Study of Baloxavir Marboxil in Children Less Than 1 Year Old With Suspected or Confirmed Influenza. Pediatr Infect Dis J. 2025;44(7):645–9. https://doi.org/10.1097/INF.0000000000004826.	10.1097/INF.0000000000004826	40279637	doi-in-source	matched	
pa	42	Abed Y, Fage C, Checkmahomed L, Venable MC, Boivin G. Characterization of contemporary influenza B recombinant viruses harboring mutations of reduced susceptibility to baloxavir marboxil, in vitro and in mice. Antiviral Res. 2020;179:104807. https://doi.org/10.1016/j.antiviral.2020.104807.	10.1016/j.antiviral.2020.104807		doi-in-source	matched	
pa	43	Pascua PNQ, Jones JC, Webby RJ, Govorkova EA. Effect of E23G/K, F36V, N37T, E119D, and E199G polymerase acidic protein substitutions on the replication and baloxavir susceptibility of influenza B viruses. Antiviral Res. 2022;208:105455. https://doi.org/10.1016/j.antiviral.2022.105455. i Baloxavir Susceptibility Assessment using Influenza Replication Inhibition Neuraminidase-based Assay (IRINA)	10.1016/j.antiviral.2022.105455		doi-in-source	matched	
